Leah.Harris@yahoo.com,L.Harris@yahoo.com,f
Ezra.Sanchez@hotmail.com,E.Sanchez@hotmail.com,f
Skylar.Clark@yahoo.com,S.Clark@yahoo.com,t
Peyton.Jackson@yahoo.com,P.Jackson@yahoo.com,t
Julian.Carter@gmail.com,J.Carter@gmail.com,t
Jace.Allen@yahoo.com,J.Allen@yahoo.com,t
Camila.Nguyen@hotmail.com,C.Nguyen@hotmail.com,t
Maria.Smith@hotmail.com,M.Smith@hotmail.com,t
Lucas.King@hotmail.com,L.King@hotmail.com,t
Willow.Davis@yahoo.com,W.Davis@yahoo.com,t
Eleanor.Campbell@hotmail.com,E.Campbell@hotmail.com,f
Austin.Garcia@gmail.com,A.Garcia@gmail.com,t
Kai.Perez@hotmail.com,K.Perez@hotmail.com,f
Santiago.Smith@hotmail.com,S.Smith@hotmail.com,f
Gianna.Flores@hotmail.com,G.Flores@hotmail.com,t
Natalie.Allen@hotmail.com,N.Allen@hotmail.com,t
Kennedy.Thomas@yahoo.com,K.Thomas@yahoo.com,t
Greyson.Garcia@gmail.com,G.Garcia@gmail.com,t
Josiah.Harris@yahoo.com,J.Harris@yahoo.com,t
Owen.Nelson@gmail.com,O.Nelson@gmail.com,t
